Workbook

Sheet Main
A1: Nombre Hoja | B1: Descripción
A2: Casos de Prueba | B2: Todos los casos de prueba realizados
A3: EM_v1 | B3: Datos de las pruebas realizadas a la metaheurística propuesta
A4: EM_v2 | B4: Datos de las pruebas realizadas a la metaheurística propuesta con arreglo, con cantidad maxima de iteraciones en 1000 tardo 0m45,743s
A5: EM_v3 | B5: Datos de las pruebas realizadas a la metaheurística propuesta con arreglo, con cantidad maxima de iteraciones en 10000 tardo 3m11,596s
A6: EM_v4 | B6: Datos de las pruebas realizadas a la metaheurística propuesta con arreglo, con cantidad maxima de iteraciones en 100000 tardo 52m1,327s (seed = 1)
A7: EG | B7: Datos de las pruebas realizadas a la Gurobi
A8: C_v1 | B8: Comparación de los metodos EM_v1 y EG
A9: C_v2 | B9: Comparación de los metodos con el arreglo en la metaheurística (EM_v2 y EG)
A10: C_v3 | B10: Comparación de los metodos con el arreglo en la metaheurística (EM_v3 y EG)
A11: C_v4 | B11: Comparación de los metodos con el arreglo en la metaheurística (EM_v4 y EG)
A12: Indicadores instancias | B12: Indicadores de calidad de instancias corporativas y sinteticas
... A19: dags_010_s2 | B19: Archivo de caso corporativo con 10 DAGs

Sheet Casos de Prueba
A1: Nombre Instancia | B1: Tipo Instancia | C1: Cantidad de DAGs | D1: Cantidad Tablas Target | E1: Cantidad Tablas Source | F1: Tablas Totales
A2: dags_p0025_s4 | B2: Sintética | C2: 25 | D2: 119 | E2: 219 | F2: 320
A3: dags_p0020_s3 | B3: Sintética | C3: 20 | D3: 87 | E3: 145 | F3: 228
A4: dags_m0150_s3 | B4: Sintética | C4: 150 | D4: 661 | E4: 618 | F4: 924
A5: dags_g0500_s4 | B5: Sintética | C5: 500 | D5: 2184 | E5: 1669 | F5: 2537
A6: dags_p0010_s5 | B6: Sintética | C6: 10 | D6: 48 | E6: 101 | F6: 142
A7: dags_p0015_s5 | B7: Sintética | C7: 15 | D7: 65 | E7: 113 | F7: 174
A8: dags_p0030_s2 | B8: Sintética | C8: 30 | D8: 136 | E8: 206 | F8: 317
A9: dags_300_s1 | B9: Corporativa | C9: 300 | D9: 1373 | E9: 867 | F9: 1585
A10: dags_m0050_s3 | B10: Sintética | C10: 50 | D10: 231 | E10: 326 | F10: 499
A11: dags_015_s1 | B11: Corporativa | C11: 15 | D11: 66 | E11: 68 | F11: 92
A12: dags_m0200_s5 | B12: Sintética | C12: 200 | D12: 872 | E12: 717 | F12: 1052
A13: dags_g0500_s3 | B13: Sintética | C13: 500 | D13: 2294 | E13: 1660 | F13: 2571
... A111: dags_g0750_s4 | B111: Sintética | C111: 750 | D111: 3314 | E111: 2471 | F111: 3763

Sheet EM_v1
A1: Nombre Instancia | B1: Tipo Instancia | C1: Cantidad de DAGs | D1: Fitness | E1: Tiempo (s) | F1: Dominios Generados | G1: DAGs/Dominio | H1: Afinidad Interna | I1: Conflictos Escritura | J1: GREEN | K1: YELLOW | L1: RED
A2: dags_010_s1 | B2: Corporativa | C2: 10 | D2: 161 | E2: 0 | F2: 3 | G2: =C2/F2 -> 3.3333333 | H2: 46 | I2: 0 | J2: 0 | K2: 2 | L2: 1
A3: dags_010_s2 | B3: Corporativa | C3: 10 | D3: 146 | E3: 0 | F3: 3 | G3: =C3/F3 -> 3.3333333 | H3: 101 | I3: 0 | J3: 2 | K3: 0 | L3: 1
A4: dags_015_s1 | B4: Corporativa | C4: 15 | D4: 378 | E4: 0.3 | F4: 5 | G4: =C4/F4 -> 3 | H4: 158 | I4: 0 | J4: 3 | K4: 2 | L4: 0
A5: dags_015_s2 | B5: Corporativa | C5: 15 | D5: 201 | E5: 0 | F5: 4 | G5: =C5/F5 -> 3.75 | H5: 81 | I5: 1 | J5: 1 | K5: 1 | L5: 2
A6: dags_020_s1 | B6: Corporativa | C6: 20 | D6: 398 | E6: 0 | F6: 6 | G6: =C6/F6 -> 3.3333333 | H6: 158 | I6: 0 | J6: 2 | K6: 3 | L6: 1
A7: dags_020_s2 | B7: Corporativa | C7: 20 | D7: 286 | E7: 0 | F7: 7 | G7: =C7/F7 -> 2.8571429 | H7: 131 | I7: 0 | J7: 3 | K7: 3 | L7: 1
A8: dags_025_s1 | B8: Corporativa | C8: 25 | D8: 466 | E8: 1 | F8: 10 | G8: =C8/F8 -> 2.5 | H8: 216 | I8: 0 | J8: 7 | K8: 2 | L8: 1
A9: dags_030_s1 | B9: Corporativa | C9: 30 | D9: 491 | E9: 1.1 | F9: 10 | G9: =C9/F9 -> 3 | H9: 276 | I9: 0 | J9: 7 | K9: 2 | L9: 1
A10: dags_030_s2 | B10: Corporativa | C10: 30 | D10: 664 | E10: 0 | F10: 10 | G10: =C10/F10 -> 3 | H10: 179 | I10: 0 | J10: 4 | K10: 4 | L10: 2
A11: dags_040_s1 | B11: Corporativa | C11: 40 | D11: 765 | E11: 1 | F11: 13 | G11: =C11/F11 -> 3.0769231 | H11: 185 | I11: 0 | J11: 2 | K11: 6 | L11: 5
A12: dags_050_s1 | B12: Corporativa | C12: 50 | D12: 985 | E12: 5.7 | F12: 16 | G12: =C12/F12 -> 3.125 | H12: 435 | I12: 0 | J12: 9 | K12: 4 | L12: 3
A13: dags_050_s2 | B13: Corporativa | C13: 50 | D13: 1020 | E13: 0 | F13: 14 | G13: =C13/F13 -> 3.5714286 | H13: 295 | I13: 1 | J13: 2 | K13: 6 | L13: 6
... A111: dags_g1000_s5 | B111: Sintética | C111: 1000 | D111: 2245 | E111: 344.4 | F111: 300 | G111: =C111/F111 -> 3.3333333 | H111: 2245 | I111: 0 | J111: 0 | K111: 24 | L111: 276

Sheet EM_v2
A1: Nombre Instancia | B1: Tipo Instancia | C1: Cantidad de DAGs | D1: Fitness | E1: Tiempo (s) | F1: Dominios Generados | G1: DAGs/Dominio | H1: Afinidad Interna | I1: Conflictos Escritura | J1: GREEN | K1: YELLOW | L1: RED
A2: dags_010_s1 | B2: Corporativa | C2: 10 | D2: 185 | E2: 0 | F2: 3 | G2: =C2/F2 -> 3.3333333 | H2: 70 | I2: 0 | J2: 1 | K2: 1 | L2: 1
A3: dags_010_s2 | B3: Corporativa | C3: 10 | D3: 159 | E3: 0 | F3: 3 | G3: =C3/F3 -> 3.3333333 | H3: 119 | I3: 0 | J3: 2 | K3: 1 | L3: 0
A4: dags_015_s1 | B4: Corporativa | C4: 15 | D4: 378 | E4: 0 | F4: 5 | G4: =C4/F4 -> 3 | H4: 158 | I4: 0 | J4: 3 | K4: 2 | L4: 0
A5: dags_015_s2 | B5: Corporativa | C5: 15 | D5: 247 | E5: 0 | F5: 4 | G5: =C5/F5 -> 3.75 | H5: 107 | I5: 0 | J5: 2 | K5: 1 | L5: 1
A6: dags_020_s1 | B6: Corporativa | C6: 20 | D6: 410 | E6: 0 | F6: 6 | G6: =C6/F6 -> 3.3333333 | H6: 185 | I6: 0 | J6: 3 | K6: 1 | L6: 2
A7: dags_020_s2 | B7: Corporativa | C7: 20 | D7: 363 | E7: 0 | F7: 7 | G7: =C7/F7 -> 2.8571429 | H7: 168 | I7: 0 | J7: 4 | K7: 3 | L7: 0
A8: dags_025_s1 | B8: Corporativa | C8: 25 | D8: 467 | E8: 0 | F8: 10 | G8: =C8/F8 -> 2.5 | H8: 217 | I8: 0 | J8: 7 | K8: 2 | L8: 1
A9: dags_030_s1 | B9: Corporativa | C9: 30 | D9: 513 | E9: 0 | F9: 10 | G9: =C9/F9 -> 3 | H9: 283 | I9: 0 | J9: 6 | K9: 3 | L9: 1
A10: dags_030_s2 | B10: Corporativa | C10: 30 | D10: 757 | E10: 0 | F10: 10 | G10: =C10/F10 -> 3 | H10: 232 | I10: 0 | J10: 5 | K10: 3 | L10: 2
A11: dags_040_s1 | B11: Corporativa | C11: 40 | D11: 881 | E11: 0 | F11: 13 | G11: =C11/F11 -> 3.0769231 | H11: 256 | I11: 0 | J11: 6 | K11: 4 | L11: 3
A12: dags_050_s1 | B12: Corporativa | C12: 50 | D12: 1076 | E12: 0 | F12: 16 | G12: =C12/F12 -> 3.125 | H12: 456 | I12: 0 | J12: 9 | K12: 5 | L12: 2
A13: dags_050_s2 | B13: Corporativa | C13: 50 | D13: 1263 | E13: 0 | F13: 14 | G13: =C13/F13 -> 3.5714286 | H13: 428 | I13: 0 | J13: 6 | K13: 2 | L13: 6
... A111: dags_g1000_s5 | B111: Sintética | C111: 1000 | D111: 2319 | E111: 4 | F111: 300 | G111: =C111/F111 -> 3.3333333 | H111: 2319 | I111: 0 | J111: 0 | K111: 24 | L111: 276

Sheet EM_v3
A1: Nombre Instancia | B1: Tipo Instancia | C1: Cantidad de DAGs | D1: Fitness | E1: Tiempo (s) | F1: Dominios Generados | G1: DAGs/Dominio | H1: Afinidad Interna | I1: Conflictos Escritura | J1: GREEN | K1: YELLOW | L1: RED
A2: dags_010_s1 | B2: Corporativa | C2: 10 | D2: 185 | E2: 0 | F2: 3 | G2: 3.33 | H2: 70 | I2: 0 | J2: 1 | K2: 1 | L2: 1
A3: dags_010_s2 | B3: Corporativa | C3: 10 | D3: 159 | E3: 0 | F3: 3 | G3: 3.33 | H3: 119 | I3: 0 | J3: 2 | K3: 1 | L3: 0
A4: dags_015_s1 | B4: Corporativa | C4: 15 | D4: 378 | E4: 0 | F4: 5 | G4: 3 | H4: 158 | I4: 0 | J4: 3 | K4: 2 | L4: 0
A5: dags_015_s2 | B5: Corporativa | C5: 15 | D5: 247 | E5: 0 | F5: 4 | G5: 3.75 | H5: 107 | I5: 0 | J5: 2 | K5: 1 | L5: 1
A6: dags_020_s1 | B6: Corporativa | C6: 20 | D6: 419 | E6: 0 | F6: 6 | G6: 3.33 | H6: 179 | I6: 0 | J6: 2 | K6: 2 | L6: 2
A7: dags_020_s2 | B7: Corporativa | C7: 20 | D7: 363 | E7: 0 | F7: 7 | G7: 2.86 | H7: 168 | I7: 0 | J7: 4 | K7: 3 | L7: 0
A8: dags_025_s1 | B8: Corporativa | C8: 25 | D8: 467 | E8: 0 | F8: 10 | G8: 2.5 | H8: 217 | I8: 0 | J8: 7 | K8: 2 | L8: 1
A9: dags_030_s1 | B9: Corporativa | C9: 30 | D9: 513 | E9: 0 | F9: 10 | G9: 3 | H9: 283 | I9: 0 | J9: 6 | K9: 3 | L9: 1
A10: dags_030_s2 | B10: Corporativa | C10: 30 | D10: 757 | E10: 0 | F10: 10 | G10: 3 | H10: 232 | I10: 0 | J10: 5 | K10: 3 | L10: 2
A11: dags_040_s1 | B11: Corporativa | C11: 40 | D11: 881 | E11: 0 | F11: 13 | G11: 3.08 | H11: 256 | I11: 0 | J11: 6 | K11: 4 | L11: 3
A12: dags_050_s1 | B12: Corporativa | C12: 50 | D12: 1076 | E12: 0 | F12: 16 | G12: 3.13 | H12: 456 | I12: 0 | J12: 8 | K12: 6 | L12: 2
A13: dags_050_s2 | B13: Corporativa | C13: 50 | D13: 1297 | E13: 0 | F13: 14 | G13: 3.57 | H13: 447 | I13: 0 | J13: 6 | K13: 4 | L13: 4
... A111: dags_g1000_s5 | B111: Sintética | C111: 1000 | D111: 2319 | E111: 16.7 | F111: 300 | G111: 3.33 | H111: 2319 | I111: 0 | J111: 0 | K111: 24 | L111: 276

Sheet EM_v4
A1: Nombre Instancia | B1: Tipo Instancia | C1: Cantidad de DAGs | D1: Fitness | E1: Tiempo (s) | F1: Dominios Generados | G1: DAGs/Dominio | H1: Afinidad Interna | I1: Conflictos Escritura | J1: GREEN | K1: YELLOW | L1: RED
A2: dags_010_s1 | B2: Corporativa | C2: 10 | D2: 185 | E2: 0 | F2: 3 | G2: =C2/F2 -> 3.3333333 | H2: 70 | I2: 0 | J2: 1 | K2: 1 | L2: 1
A3: dags_010_s2 | B3: Corporativa | C3: 10 | D3: 159 | E3: 0 | F3: 3 | G3: =C3/F3 -> 3.3333333 | H3: 119 | I3: 0 | J3: 2 | K3: 1 | L3: 0
A4: dags_015_s1 | B4: Corporativa | C4: 15 | D4: 378 | E4: 0.1 | F4: 5 | G4: =C4/F4 -> 3 | H4: 158 | I4: 0 | J4: 3 | K4: 2 | L4: 0
A5: dags_015_s2 | B5: Corporativa | C5: 15 | D5: 247 | E5: 0.1 | F5: 4 | G5: =C5/F5 -> 3.75 | H5: 107 | I5: 0 | J5: 2 | K5: 1 | L5: 1
A6: dags_020_s1 | B6: Corporativa | C6: 20 | D6: 419 | E6: 0.1 | F6: 6 | G6: =C6/F6 -> 3.3333333 | H6: 179 | I6: 0 | J6: 2 | K6: 2 | L6: 2
A7: dags_020_s2 | B7: Corporativa | C7: 20 | D7: 363 | E7: 0.1 | F7: 7 | G7: =C7/F7 -> 2.8571429 | H7: 168 | I7: 0 | J7: 4 | K7: 3 | L7: 0
A8: dags_025_s1 | B8: Corporativa | C8: 25 | D8: 467 | E8: 0.2 | F8: 10 | G8: =C8/F8 -> 2.5 | H8: 217 | I8: 0 | J8: 7 | K8: 2 | L8: 1
A9: dags_030_s1 | B9: Corporativa | C9: 30 | D9: 513 | E9: 0.2 | F9: 10 | G9: =C9/F9 -> 3 | H9: 283 | I9: 0 | J9: 6 | K9: 3 | L9: 1
A10: dags_030_s2 | B10: Corporativa | C10: 30 | D10: 757 | E10: 0.2 | F10: 10 | G10: =C10/F10 -> 3 | H10: 232 | I10: 0 | J10: 5 | K10: 3 | L10: 2
A11: dags_040_s1 | B11: Corporativa | C11: 40 | D11: 881 | E11: 0.4 | F11: 13 | G11: =C11/F11 -> 3.0769231 | H11: 256 | I11: 0 | J11: 6 | K11: 4 | L11: 3
A12: dags_050_s1 | B12: Corporativa | C12: 50 | D12: 1105 | E12: 0.6 | F12: 16 | G12: =C12/F12 -> 3.125 | H12: 445 | I12: 0 | J12: 9 | K12: 5 | L12: 2
A13: dags_050_s2 | B13: Corporativa | C13: 50 | D13: 1302 | E13: 0.5 | F13: 14 | G13: =C13/F13 -> 3.5714286 | H13: 452 | I13: 0 | J13: 6 | K13: 4 | L13: 4
... A111: dags_g1000_s5 | B111: Sintética | C111: 1000 | D111: 2722 | E111: 276.8 | F111: 300 | G111: =C111/F111 -> 3.3333333 | H111: 2722 | I111: 0 | J111: 0 | K111: 19 | L111: 281

Sheet EG_v1
A1: Nombre Instancia | B1: Tipo Instancia | C1: Cantidad de DAGs | D1: Dominios | E1: Estado | F1: Valor Objetivo | G1: Cota Superior | H1: Gap Gurobi (%) | I1: Tiempo Gurobi (s) | J1: Nodos Explorados
A2: dags_010_s1 | B2: Corporativa | C2: 10 | D2: 3 | E2: Óptimo | F2: 185 | G2: 185 | H2: 0 | I2: 0 | J2: 1
A3: dags_010_s2 | B3: Corporativa | C3: 10 | D3: 3 | E3: Óptimo | F3: 159 | G3: 159 | H3: 0 | I3: 0.01 | J3: 1
A4: dags_015_s1 | B4: Corporativa | C4: 15 | D4: 5 | E4: Óptimo | F4: 378 | G4: 378 | H4: 0 | I4: 0.07 | J4: 1
A5: dags_015_s2 | B5: Corporativa | C5: 15 | D5: 4 | E5: Óptimo | F5: 247 | G5: 247 | H5: 0 | I5: 0.12 | J5: 79
A6: dags_020_s1 | B6: Corporativa | C6: 20 | D6: 6 | E6: Óptimo | F6: 419 | G6: 419 | H6: 0 | I6: 0.26 | J6: 36
A7: dags_020_s2 | B7: Corporativa | C7: 20 | D7: 7 | E7: Óptimo | F7: 363 | G7: 363 | H7: 0 | I7: 0.28 | J7: 1
A8: dags_025_s1 | B8: Corporativa | C8: 25 | D8: 10 | E8: Óptimo | F8: 467 | G8: 467 | H8: 0 | I8: 1.09 | J8: 1268
A9: dags_030_s1 | B9: Corporativa | C9: 30 | D9: 10 | E9: Óptimo | F9: 513 | G9: 513 | H9: 0 | I9: 1483.41 | J9: 2972201
A10: dags_030_s2 | B10: Corporativa | C10: 30 | D10: 10 | E10: Óptimo | F10: 757 | G10: 757 | H10: 0 | I10: 779.79 | J10: 1061430
A11: dags_040_s1 | B11: Corporativa | C11: 40 | D11: 13 | E11: Límite de tiempo | F11: 881 | G11: 919 | H11: 4.3133 | I11: 3600.02 | J11: 1750283
A12: dags_050_s1 | B12: Corporativa | C12: 50 | D12: 16 | E12: Límite de tiempo | F12: 1105 | G12: 1214 | H12: 9.8643 | I12: 3600.02 | J12: 112109
A13: dags_050_s2 | B13: Corporativa | C13: 50 | D13: 14 | E13: Límite de tiempo | F13: 1302 | G13: 1421 | H13: 9.1398 | I13: 3600 | J13: 176543
... A78: dags_m0200_s5 | B78: Sintética | C78: 200 | D78: 61 | E78: Límite de tiempo | F78: 541 | G78: 5462 | H78: 909.6118 | I78: 3600.08 | J78: 1
A79: dags_g0250_s3 | B79: Sintética | C79: 250 | D79: 74 | E79: Interrumpido

Sheet C_v1
A1: Nombre Instancia | B1: Tipo Instancia | C1: Valor Objetivo Metaheuristica | D1: Tiempo Metaheuristica (s) | E1: Valor Objetivo Gurobi | F1: Tiempo Gurobi (s) | G1: Gap Gurobi (%) | H1: Diferencia Fitness | I1: Diferencia Tiempo
A2: dags_010_s1 | B2: Corporativa | C2: 161 | D2: 0 | E2: 185 | F2: 0 | G2: 0 | H2: =E2-C2 -> 24 | I2: =F2-D2 -> 0
A3: dags_010_s2 | B3: Corporativa | C3: 146 | D3: 0 | E3: 159 | F3: 0.01 | G3: 0 | H3: =E3-C3 -> 13 | I3: =F3-D3 -> 0.01
A4: dags_015_s1 | B4: Corporativa | C4: 378 | D4: 0.3 | E4: 378 | F4: 0.07 | G4: 0 | H4: =E4-C4 -> 0 | I4: =F4-D4 -> -0.23
A5: dags_015_s2 | B5: Corporativa | C5: 201 | D5: 0 | E5: 247 | F5: 0.12 | G5: 0 | H5: =E5-C5 -> 46 | I5: =F5-D5 -> 0.12
A6: dags_020_s1 | B6: Corporativa | C6: 398 | D6: 0 | E6: 419 | F6: 0.26 | G6: 0 | H6: =E6-C6 -> 21 | I6: =F6-D6 -> 0.26
A7: dags_020_s2 | B7: Corporativa | C7: 286 | D7: 0 | E7: 363 | F7: 0.28 | G7: 0 | H7: =E7-C7 -> 77 | I7: =F7-D7 -> 0.28
A8: dags_025_s1 | B8: Corporativa | C8: 466 | D8: 1 | E8: 467 | F8: 1.09 | G8: 0 | H8: =E8-C8 -> 1 | I8: =F8-D8 -> 0.09
A9: dags_030_s1 | B9: Corporativa | C9: 491 | D9: 1.1 | E9: 513 | F9: 1483.41 | G9: 0 | H9: =E9-C9 -> 22 | I9: =F9-D9 -> 1482.31
A10: dags_030_s2 | B10: Corporativa | C10: 664 | D10: 0 | E10: 757 | F10: 779.79 | G10: 0 | H10: =E10-C10 -> 93 | I10: =F10-D10 -> 779.79
A11: dags_040_s1 | B11: Corporativa | C11: 765 | D11: 1 | E11: 881 | F11: 3600.02 | G11: 4.3133 | H11: =E11-C11 -> 116 | I11: =F11-D11 -> 3599.02
A12: dags_050_s1 | B12: Corporativa | C12: 985 | D12: 5.7 | E12: 1105 | F12: 3600.02 | G12: 9.8643 | H12: =E12-C12 -> 120 | I12: =F12-D12 -> 3594.32
A13: dags_050_s2 | B13: Corporativa | C13: 1020 | D13: 0 | E13: 1302 | F13: 3600 | G13: 9.1398 | H13: =E13-C13 -> 282 | I13: =F13-D13 -> 3600
... A77: dags_m0200_s5 | B77: Sintética | C77: 541 | D77: 7.7 | E77: 541 | F77: 3600.08 | G77: 909.6118 | H77: =E77-C77 -> 0 | I77: =F77-D77 -> 3592.38

Sheet C_v2
A1: Nombre Instancia | B1: Tipo Instancia | C1: Valor Objetivo Metaheuristica | D1: Tiempo Metaheuristica (s) | E1: Valor Objetivo Gurobi | F1: Tiempo Gurobi (s) | G1: Gap Gurobi (%) | H1: Diferencia Fitness | I1: Mejor Metodo Fitness | J1: Diferencia Tiempo | K1: Mejor Metodo Tiempo
A2: dags_010_s1 | B2: Corporativa | C2: 185 | D2: 0 | E2: 185 | F2: 0 | G2: 0 | H2: =E2-C2 -> 0 | I2: =IF(H2=0,"Igual",IF(H2>0,"Gurobi","Metaheurística")) -> Igual | J2: =F2-D2 -> 0 | K2: =IF(J2=0,"Igual",IF(J2<0,"Gurobi","Metaheurística")) -> Igual
A3: dags_010_s2 | B3: Corporativa | C3: 159 | D3: 0 | E3: 159 | F3: 0.01 | G3: 0 | H3: =E3-C3 -> 0 | I3: =IF(H3=0,"Igual",IF(H3>0,"Gurobi","Metaheurística")) -> Igual | J3: =F3-D3 -> 0.01 | K3: =IF(J3=0,"Igual",IF(J3<0,"Gurobi","Metaheurística")) -> Metaheurística
A4: dags_015_s1 | B4: Corporativa | C4: 378 | D4: 0 | E4: 378 | F4: 0.07 | G4: 0 | H4: =E4-C4 -> 0 | I4: =IF(H4=0,"Igual",IF(H4>0,"Gurobi","Metaheurística")) -> Igual | J4: =F4-D4 -> 0.07 | K4: =IF(J4=0,"Igual",IF(J4<0,"Gurobi","Metaheurística")) -> Metaheurística
A5: dags_015_s2 | B5: Corporativa | C5: 247 | D5: 0 | E5: 247 | F5: 0.12 | G5: 0 | H5: =E5-C5 -> 0 | I5: =IF(H5=0,"Igual",IF(H5>0,"Gurobi","Metaheurística")) -> Igual | J5: =F5-D5 -> 0.12 | K5: =IF(J5=0,"Igual",IF(J5<0,"Gurobi","Metaheurística")) -> Metaheurística
A6: dags_020_s1 | B6: Corporativa | C6: 410 | D6: 0 | E6: 419 | F6: 0.26 | G6: 0 | H6: =E6-C6 -> 9 | I6: =IF(H6=0,"Igual",IF(H6>0,"Gurobi","Metaheurística")) -> Gurobi | J6: =F6-D6 -> 0.26 | K6: =IF(J6=0,"Igual",IF(J6<0,"Gurobi","Metaheurística")) -> Metaheurística
A7: dags_020_s2 | B7: Corporativa | C7: 363 | D7: 0 | E7: 363 | F7: 0.28 | G7: 0 | H7: =E7-C7 -> 0 | I7: =IF(H7=0,"Igual",IF(H7>0,"Gurobi","Metaheurística")) -> Igual | J7: =F7-D7 -> 0.28 | K7: =IF(J7=0,"Igual",IF(J7<0,"Gurobi","Metaheurística")) -> Metaheurística
A8: dags_025_s1 | B8: Corporativa | C8: 467 | D8: 0 | E8: 467 | F8: 1.09 | G8: 0 | H8: =E8-C8 -> 0 | I8: =IF(H8=0,"Igual",IF(H8>0,"Gurobi","Metaheurística")) -> Igual | J8: =F8-D8 -> 1.09 | K8: =IF(J8=0,"Igual",IF(J8<0,"Gurobi","Metaheurística")) -> Metaheurística
A9: dags_030_s1 | B9: Corporativa | C9: 513 | D9: 0 | E9: 513 | F9: 1483.41 | G9: 0 | H9: =E9-C9 -> 0 | I9: =IF(H9=0,"Igual",IF(H9>0,"Gurobi","Metaheurística")) -> Igual | J9: =F9-D9 -> 1483.41 | K9: =IF(J9=0,"Igual",IF(J9<0,"Gurobi","Metaheurística")) -> Metaheurística
A10: dags_030_s2 | B10: Corporativa | C10: 757 | D10: 0 | E10: 757 | F10: 779.79 | G10: 0 | H10: =E10-C10 -> 0 | I10: =IF(H10=0,"Igual",IF(H10>0,"Gurobi","Metaheurística")) -> Igual | J10: =F10-D10 -> 779.79 | K10: =IF(J10=0,"Igual",IF(J10<0,"Gurobi","Metaheurística")) -> Metaheurística
A11: dags_040_s1 | B11: Corporativa | C11: 881 | D11: 0 | E11: 881 | F11: 3600.02 | G11: 4.3133 | H11: =E11-C11 -> 0 | I11: =IF(H11=0,"Igual",IF(H11>0,"Gurobi","Metaheurística")) -> Igual | J11: =F11-D11 -> 3600.02 | K11: =IF(J11=0,"Igual",IF(J11<0,"Gurobi","Metaheurística")) -> Metaheurística
A12: dags_050_s1 | B12: Corporativa | C12: 1076 | D12: 0 | E12: 1105 | F12: 3600.02 | G12: 9.8643 | H12: =E12-C12 -> 29 | I12: =IF(H12=0,"Igual",IF(H12>0,"Gurobi","Metaheurística")) -> Gurobi | J12: =F12-D12 -> 3600.02 | K12: =IF(J12=0,"Igual",IF(J12<0,"Gurobi","Metaheurística")) -> Metaheurística
A13: dags_050_s2 | B13: Corporativa | C13: 1263 | D13: 0 | E13: 1302 | F13: 3600 | G13: 9.1398 | H13: =E13-C13 -> 39 | I13: =IF(H13=0,"Igual",IF(H13>0,"Gurobi","Metaheurística")) -> Gurobi | J13: =F13-D13 -> 3600 | K13: =IF(J13=0,"Igual",IF(J13<0,"Gurobi","Metaheurística")) -> Metaheurística
... A78: dags_m0200_s5 | B78: Sintética | C78: 583 | D78: 0.1 | E78: 541 | F78: 3600.08 | G78: 909.6118 | H78: =E78-C78 -> -42 | I78: =IF(H78=0,"Igual",IF(H78>0,"Gurobi","Metaheurística")) -> Metaheurística | J78: =F78-D78 -> 3599.98 | K78: =IF(J78=0,"Igual",IF(J78<0,"Gurobi","Metaheurística")) -> Metaheurística

Sheet C_v3
A1: Nombre Instancia | B1: Tipo Instancia | C1: Valor Objetivo Metaheuristica | D1: Tiempo Metaheuristica (s) | E1: Valor Objetivo Gurobi | F1: Tiempo Gurobi (s) | G1: Gap Gurobi (%) | H1: Diferencia Fitness | I1: Mejor Metodo Fitness | J1: Diferencia Tiempo | K1: Mejor Metodo Tiempo
A2: dags_010_s1 | B2: Corporativa | C2: 185 | D2: 0 | E2: 185 | F2: 0 | G2: 0 | H2: =E2-C2 -> 0 | I2: =IF(H2=0,"Igual",IF(H2>0,"Gurobi","Metaheurística")) -> Igual | J2: =F2-D2 -> 0 | K2: =IF(J2=0,"Igual",IF(J2<0,"Gurobi","Metaheurística")) -> Igual
A3: dags_010_s2 | B3: Corporativa | C3: 159 | D3: 0 | E3: 159 | F3: 0.01 | G3: 0 | H3: =E3-C3 -> 0 | I3: =IF(H3=0,"Igual",IF(H3>0,"Gurobi","Metaheurística")) -> Igual | J3: =F3-D3 -> 0.01 | K3: =IF(J3=0,"Igual",IF(J3<0,"Gurobi","Metaheurística")) -> Metaheurística
A4: dags_015_s1 | B4: Corporativa | C4: 378 | D4: 0 | E4: 378 | F4: 0.07 | G4: 0 | H4: =E4-C4 -> 0 | I4: =IF(H4=0,"Igual",IF(H4>0,"Gurobi","Metaheurística")) -> Igual | J4: =F4-D4 -> 0.07 | K4: =IF(J4=0,"Igual",IF(J4<0,"Gurobi","Metaheurística")) -> Metaheurística
A5: dags_015_s2 | B5: Corporativa | C5: 247 | D5: 0 | E5: 247 | F5: 0.12 | G5: 0 | H5: =E5-C5 -> 0 | I5: =IF(H5=0,"Igual",IF(H5>0,"Gurobi","Metaheurística")) -> Igual | J5: =F5-D5 -> 0.12 | K5: =IF(J5=0,"Igual",IF(J5<0,"Gurobi","Metaheurística")) -> Metaheurística
A6: dags_020_s1 | B6: Corporativa | C6: 419 | D6: 0 | E6: 419 | F6: 0.26 | G6: 0 | H6: =E6-C6 -> 0 | I6: =IF(H6=0,"Igual",IF(H6>0,"Gurobi","Metaheurística")) -> Igual | J6: =F6-D6 -> 0.26 | K6: =IF(J6=0,"Igual",IF(J6<0,"Gurobi","Metaheurística")) -> Metaheurística
A7: dags_020_s2 | B7: Corporativa | C7: 363 | D7: 0 | E7: 363 | F7: 0.28 | G7: 0 | H7: =E7-C7 -> 0 | I7: =IF(H7=0,"Igual",IF(H7>0,"Gurobi","Metaheurística")) -> Igual | J7: =F7-D7 -> 0.28 | K7: =IF(J7=0,"Igual",IF(J7<0,"Gurobi","Metaheurística")) -> Metaheurística
A8: dags_025_s1 | B8: Corporativa | C8: 467 | D8: 0 | E8: 467 | F8: 1.09 | G8: 0 | H8: =E8-C8 -> 0 | I8: =IF(H8=0,"Igual",IF(H8>0,"Gurobi","Metaheurística")) -> Igual | J8: =F8-D8 -> 1.09 | K8: =IF(J8=0,"Igual",IF(J8<0,"Gurobi","Metaheurística")) -> Metaheurística
A9: dags_030_s1 | B9: Corporativa | C9: 513 | D9: 0 | E9: 513 | F9: 1483.41 | G9: 0 | H9: =E9-C9 -> 0 | I9: =IF(H9=0,"Igual",IF(H9>0,"Gurobi","Metaheurística")) -> Igual | J9: =F9-D9 -> 1483.41 | K9: =IF(J9=0,"Igual",IF(J9<0,"Gurobi","Metaheurística")) -> Metaheurística
A10: dags_030_s2 | B10: Corporativa | C10: 757 | D10: 0 | E10: 757 | F10: 779.79 | G10: 0 | H10: =E10-C10 -> 0 | I10: =IF(H10=0,"Igual",IF(H10>0,"Gurobi","Metaheurística")) -> Igual | J10: =F10-D10 -> 779.79 | K10: =IF(J10=0,"Igual",IF(J10<0,"Gurobi","Metaheurística")) -> Metaheurística
A11: dags_040_s1 | B11: Corporativa | C11: 881 | D11: 0 | E11: 881 | F11: 3600.02 | G11: 4.3133 | H11: =E11-C11 -> 0 | I11: =IF(H11=0,"Igual",IF(H11>0,"Gurobi","Metaheurística")) -> Igual | J11: =F11-D11 -> 3600.02 | K11: =IF(J11=0,"Igual",IF(J11<0,"Gurobi","Metaheurística")) -> Metaheurística
A12: dags_050_s1 | B12: Corporativa | C12: 1076 | D12: 0 | E12: 1105 | F12: 3600.02 | G12: 9.8643 | H12: =E12-C12 -> 29 | I12: =IF(H12=0,"Igual",IF(H12>0,"Gurobi","Metaheurística")) -> Gurobi | J12: =F12-D12 -> 3600.02 | K12: =IF(J12=0,"Igual",IF(J12<0,"Gurobi","Metaheurística")) -> Metaheurística
A13: dags_050_s2 | B13: Corporativa | C13: 1297 | D13: 0 | E13: 1302 | F13: 3600 | G13: 9.1398 | H13: =E13-C13 -> 5 | I13: =IF(H13=0,"Igual",IF(H13>0,"Gurobi","Metaheurística")) -> Gurobi | J13: =F13-D13 -> 3600 | K13: =IF(J13=0,"Igual",IF(J13<0,"Gurobi","Metaheurística")) -> Metaheurística
... A78: dags_m0200_s5 | B78: Sintética | C78: 583 | D78: 0.5 | E78: 541 | F78: 3600.08 | G78: 909.6118 | H78: =E78-C78 -> -42 | I78: =IF(H78=0,"Igual",IF(H78>0,"Gurobi","Metaheurística")) -> Metaheurística | J78: =F78-D78 -> 3599.58 | K78: =IF(J78=0,"Igual",IF(J78<0,"Gurobi","Metaheurística")) -> Metaheurística

Sheet C_v4
A1: Nombre Instancia | B1: Tipo Instancia | C1: Valor Objetivo Metaheuristica | D1: Tiempo Metaheuristica (s) | E1: Valor Objetivo Gurobi | F1: Tiempo Gurobi (s) | G1: Gap Gurobi (%) | H1: Diferencia Fitness | I1: Mejor Metodo Fitness | J1: Diferencia Tiempo | K1: Mejor Metodo Tiempo
A2: dags_010_s1 | B2: Corporativa | C2: 185 | D2: 0 | E2: 185 | F2: 0 | G2: 0 | H2: =E2-C2 -> 0 | I2: =IF(H2=0,"Igual",IF(H2>0,"Gurobi","Metaheurística")) -> Igual | J2: =F2-D2 -> 0 | K2: =IF(J2=0,"Igual",IF(J2<0,"Gurobi","Metaheurística")) -> Igual
A3: dags_010_s2 | B3: Corporativa | C3: 159 | D3: 0 | E3: 159 | F3: 0.01 | G3: 0 | H3: =E3-C3 -> 0 | I3: =IF(H3=0,"Igual",IF(H3>0,"Gurobi","Metaheurística")) -> Igual | J3: =F3-D3 -> 0.01 | K3: =IF(J3=0,"Igual",IF(J3<0,"Gurobi","Metaheurística")) -> Metaheurística
A4: dags_015_s1 | B4: Corporativa | C4: 378 | D4: 0.1 | E4: 378 | F4: 0.07 | G4: 0 | H4: =E4-C4 -> 0 | I4: =IF(H4=0,"Igual",IF(H4>0,"Gurobi","Metaheurística")) -> Igual | J4: =F4-D4 -> -0.03 | K4: =IF(J4=0,"Igual",IF(J4<0,"Gurobi","Metaheurística")) -> Gurobi
A5: dags_015_s2 | B5: Corporativa | C5: 247 | D5: 0.1 | E5: 247 | F5: 0.12 | G5: 0 | H5: =E5-C5 -> 0 | I5: =IF(H5=0,"Igual",IF(H5>0,"Gurobi","Metaheurística")) -> Igual | J5: =F5-D5 -> 0.02 | K5: =IF(J5=0,"Igual",IF(J5<0,"Gurobi","Metaheurística")) -> Metaheurística
A6: dags_020_s1 | B6: Corporativa | C6: 419 | D6: 0.1 | E6: 419 | F6: 0.26 | G6: 0 | H6: =E6-C6 -> 0 | I6: =IF(H6=0,"Igual",IF(H6>0,"Gurobi","Metaheurística")) -> Igual | J6: =F6-D6 -> 0.16 | K6: =IF(J6=0,"Igual",IF(J6<0,"Gurobi","Metaheurística")) -> Metaheurística
A7: dags_020_s2 | B7: Corporativa | C7: 363 | D7: 0.1 | E7: 363 | F7: 0.28 | G7: 0 | H7: =E7-C7 -> 0 | I7: =IF(H7=0,"Igual",IF(H7>0,"Gurobi","Metaheurística")) -> Igual | J7: =F7-D7 -> 0.18 | K7: =IF(J7=0,"Igual",IF(J7<0,"Gurobi","Metaheurística")) -> Metaheurística
A8: dags_025_s1 | B8: Corporativa | C8: 467 | D8: 0.2 | E8: 467 | F8: 1.09 | G8: 0 | H8: =E8-C8 -> 0 | I8: =IF(H8=0,"Igual",IF(H8>0,"Gurobi","Metaheurística")) -> Igual | J8: =F8-D8 -> 0.89 | K8: =IF(J8=0,"Igual",IF(J8<0,"Gurobi","Metaheurística")) -> Metaheurística
A9: dags_030_s1 | B9: Corporativa | C9: 513 | D9: 0.2 | E9: 513 | F9: 1483.41 | G9: 0 | H9: =E9-C9 -> 0 | I9: =IF(H9=0,"Igual",IF(H9>0,"Gurobi","Metaheurística")) -> Igual | J9: =F9-D9 -> 1483.21 | K9: =IF(J9=0,"Igual",IF(J9<0,"Gurobi","Metaheurística")) -> Metaheurística
A10: dags_030_s2 | B10: Corporativa | C10: 757 | D10: 0.2 | E10: 757 | F10: 779.79 | G10: 0 | H10: =E10-C10 -> 0 | I10: =IF(H10=0,"Igual",IF(H10>0,"Gurobi","Metaheurística")) -> Igual | J10: =F10-D10 -> 779.59 | K10: =IF(J10=0,"Igual",IF(J10<0,"Gurobi","Metaheurística")) -> Metaheurística
A11: dags_040_s1 | B11: Corporativa | C11: 881 | D11: 0.4 | E11: 881 | F11: 3600.02 | G11: 4.3133 | H11: =E11-C11 -> 0 | I11: =IF(H11=0,"Igual",IF(H11>0,"Gurobi","Metaheurística")) -> Igual | J11: =F11-D11 -> 3599.62 | K11: =IF(J11=0,"Igual",IF(J11<0,"Gurobi","Metaheurística")) -> Metaheurística
A12: dags_050_s1 | B12: Corporativa | C12: 1105 | D12: 0.6 | E12: 1105 | F12: 3600.02 | G12: 9.8643 | H12: =E12-C12 -> 0 | I12: =IF(H12=0,"Igual",IF(H12>0,"Gurobi","Metaheurística")) -> Igual | J12: =F12-D12 -> 3599.42 | K12: =IF(J12=0,"Igual",IF(J12<0,"Gurobi","Metaheurística")) -> Metaheurística
A13: dags_050_s2 | B13: Corporativa | C13: 1302 | D13: 0.5 | E13: 1302 | F13: 3600 | G13: 9.1398 | H13: =E13-C13 -> 0 | I13: =IF(H13=0,"Igual",IF(H13>0,"Gurobi","Metaheurística")) -> Igual | J13: =F13-D13 -> 3599.5 | K13: =IF(J13=0,"Igual",IF(J13<0,"Gurobi","Metaheurística")) -> Metaheurística
... A78: dags_m0200_s5 | B78: Sintética | C78: 684 | D78: 8.8 | E78: 541 | F78: 3600.08 | G78: 909.6118 | H78: =E78-C78 -> -143 | I78: =IF(H78=0,"Igual",IF(H78>0,"Gurobi","Metaheurística")) -> Metaheurística | J78: =F78-D78 -> 3591.28 | K78: =IF(J78=0,"Igual",IF(J78<0,"Gurobi","Metaheurística")) -> Metaheurística

Sheet Indicadores instancias
A1: Nombre Instancia | B1: Tipo Instancia | C1: Tamaño | D1: Cantidad de DAGs | E1: Cantidad de Tablas | F1: Tablas Source Promedio | G1: Tablas Target Promedio | H1: DAGs por Tabla | I1: Densidad
A2: dags_010_s1 | B2: Corporativa | C2: Pequeña | D2: 10 | E2: 77 | F2: 8.4 | G2: 5.3 | H2: 1.78 | I2: 48.89
A3: dags_010_s2 | B3: Corporativa | C3: Pequeña | D3: 10 | E3: 74 | F3: 8.1 | G3: 4.6 | H3: 1.72 | I3: 51.11
A4: dags_015_s1 | B4: Corporativa | C4: Pequeña | D4: 15 | E4: 92 | F4: 9.53 | G4: 4.4 | H4: 2.27 | I4: 43.81
A5: dags_015_s2 | B5: Corporativa | C5: Pequeña | D5: 15 | E5: 88 | F5: 7.73 | G5: 4 | H5: 2 | I5: 64.76
A6: dags_020_s1 | B6: Corporativa | C6: Pequeña | D6: 20 | E6: 118 | F6: 10.2 | G6: 4.2 | H6: 2.44 | I6: 44.21
A7: dags_020_s2 | B7: Corporativa | C7: Pequeña | D7: 20 | E7: 124 | F7: 11 | G7: 4.65 | H7: 2.52 | I7: 50.53
A8: dags_025_s1 | B8: Corporativa | C8: Mediana | D8: 25 | E8: 153 | F8: 12.28 | G8: 4.6 | H8: 2.76 | I8: 49.33
A9: dags_030_s1 | B9: Corporativa | C9: Mediana | D9: 30 | E9: 168 | F9: 10.47 | G9: 4.43 | H9: 2.66 | I9: 47.59
A10: dags_030_s2 | B10: Corporativa | C10: Mediana | D10: 30 | E10: 168 | F10: 11.77 | G10: 4.27 | H10: 2.86 | I10: 47.59
A11: dags_040_s1 | B11: Corporativa | C11: Mediana | D11: 40 | E11: 239 | F11: 10.45 | G11: 5 | H11: 2.59 | I11: 40.77
A12: dags_050_s1 | B12: Corporativa | C12: Mediana | D12: 50 | E12: 266 | F12: 9.76 | G12: 4.48 | H12: 2.68 | I12: 38.04
A13: dags_050_s2 | B13: Corporativa | C13: Mediana | D13: 50 | E13: 254 | F13: 9.4 | G13: 4.28 | H13: 2.69 | I13: 36.08
... A111: dags_p0040_s5 | B111: Sintética | C111: Pequeña | D111: 40 | E111: 457 | F111: 10.57 | G111: 5.03 | H111: 1.37 | I111: 26.92

Sheet EM_v4_s1
A1: Nombre Instancia | B1: Tipo Instancia | C1: Cantidad de DAGs | D1: Fitness | E1: Tiempo (s) | F1: Dominios Generados | G1: DAGs/Dominio | H1: Afinidad Interna | I1: Conflictos Escritura | J1: GREEN | K1: YELLOW | L1: RED
A2: dags_010_s1 | B2: Corporativa | C2: 10 | D2: 185 | E2: 0 | F2: 3 | G2: =C2/F2 -> 3.3333333 | H2: 70 | I2: 0 | J2: 1 | K2: 1 | L2: 1
A3: dags_010_s2 | B3: Corporativa | C3: 10 | D3: 159 | E3: 0 | F3: 3 | G3: =C3/F3 -> 3.3333333 | H3: 119 | I3: 0 | J3: 2 | K3: 1 | L3: 0
A4: dags_015_s1 | B4: Corporativa | C4: 15 | D4: 378 | E4: 0.1 | F4: 5 | G4: =C4/F4 -> 3 | H4: 158 | I4: 0 | J4: 3 | K4: 2 | L4: 0
A5: dags_015_s2 | B5: Corporativa | C5: 15 | D5: 247 | E5: 0.1 | F5: 4 | G5: =C5/F5 -> 3.75 | H5: 107 | I5: 0 | J5: 2 | K5: 1 | L5: 1
A6: dags_020_s1 | B6: Corporativa | C6: 20 | D6: 419 | E6: 0.1 | F6: 6 | G6: =C6/F6 -> 3.3333333 | H6: 179 | I6: 0 | J6: 2 | K6: 2 | L6: 2
A7: dags_020_s2 | B7: Corporativa | C7: 20 | D7: 363 | E7: 0.1 | F7: 7 | G7: =C7/F7 -> 2.8571429 | H7: 168 | I7: 0 | J7: 4 | K7: 3 | L7: 0
A8: dags_025_s1 | B8: Corporativa | C8: 25 | D8: 467 | E8: 0.2 | F8: 10 | G8: =C8/F8 -> 2.5 | H8: 217 | I8: 0 | J8: 7 | K8: 2 | L8: 1
A9: dags_030_s1 | B9: Corporativa | C9: 30 | D9: 513 | E9: 0.2 | F9: 10 | G9: =C9/F9 -> 3 | H9: 283 | I9: 0 | J9: 6 | K9: 3 | L9: 1
A10: dags_030_s2 | B10: Corporativa | C10: 30 | D10: 757 | E10: 0.2 | F10: 10 | G10: =C10/F10 -> 3 | H10: 232 | I10: 0 | J10: 5 | K10: 3 | L10: 2
A11: dags_040_s1 | B11: Corporativa | C11: 40 | D11: 881 | E11: 0.4 | F11: 13 | G11: =C11/F11 -> 3.0769231 | H11: 256 | I11: 0 | J11: 6 | K11: 4 | L11: 3
A12: dags_050_s1 | B12: Corporativa | C12: 50 | D12: 1105 | E12: 0.6 | F12: 16 | G12: =C12/F12 -> 3.125 | H12: 445 | I12: 0 | J12: 9 | K12: 5 | L12: 2
A13: dags_050_s2 | B13: Corporativa | C13: 50 | D13: 1302 | E13: 0.5 | F13: 14 | G13: =C13/F13 -> 3.5714286 | H13: 452 | I13: 0 | J13: 6 | K13: 4 | L13: 4
... A111: dags_g1000_s5 | B111: Sintética | C111: 1000 | D111: 2722 | E111: 279.4 | F111: 300 | G111: =C111/F111 -> 3.3333333 | H111: 2722 | I111: 0 | J111: 0 | K111: 19 | L111: 281

Sheet EM_v4_s2
A1: Nombre Instancia | B1: Tipo Instancia | C1: Cantidad de DAGs | D1: Fitness | E1: Tiempo (s) | F1: Dominios Generados | G1: DAGs/Dominio | H1: Afinidad Interna | I1: Conflictos Escritura | J1: GREEN | K1: YELLOW | L1: RED
A2: dags_010_s1 | B2: Corporativa | C2: 10 | D2: 185 | E2: 0 | F2: 3 | G2: =C2/F2 -> 3.3333333 | H2: 70 | I2: 0 | J2: 1 | K2: 1 | L2: 1
A3: dags_010_s2 | B3: Corporativa | C3: 10 | D3: 159 | E3: 0 | F3: 3 | G3: =C3/F3 -> 3.3333333 | H3: 119 | I3: 0 | J3: 2 | K3: 1 | L3: 0
A4: dags_015_s1 | B4: Corporativa | C4: 15 | D4: 378 | E4: 0.1 | F4: 5 | G4: =C4/F4 -> 3 | H4: 158 | I4: 0 | J4: 3 | K4: 2 | L4: 0
A5: dags_015_s2 | B5: Corporativa | C5: 15 | D5: 247 | E5: 0.1 | F5: 4 | G5: =C5/F5 -> 3.75 | H5: 107 | I5: 0 | J5: 2 | K5: 1 | L5: 1
A6: dags_020_s1 | B6: Corporativa | C6: 20 | D6: 419 | E6: 0.2 | F6: 6 | G6: =C6/F6 -> 3.3333333 | H6: 179 | I6: 0 | J6: 2 | K6: 2 | L6: 2
A7: dags_020_s2 | B7: Corporativa | C7: 20 | D7: 363 | E7: 0.1 | F7: 7 | G7: =C7/F7 -> 2.8571429 | H7: 168 | I7: 0 | J7: 4 | K7: 3 | L7: 0
A8: dags_025_s1 | B8: Corporativa | C8: 25 | D8: 467 | E8: 0.2 | F8: 10 | G8: =C8/F8 -> 2.5 | H8: 217 | I8: 0 | J8: 7 | K8: 2 | L8: 1
A9: dags_030_s1 | B9: Corporativa | C9: 30 | D9: 513 | E9: 0.2 | F9: 10 | G9: =C9/F9 -> 3 | H9: 283 | I9: 0 | J9: 6 | K9: 3 | L9: 1
A10: dags_030_s2 | B10: Corporativa | C10: 30 | D10: 757 | E10: 0.2 | F10: 10 | G10: =C10/F10 -> 3 | H10: 232 | I10: 0 | J10: 5 | K10: 3 | L10: 2
A11: dags_040_s1 | B11: Corporativa | C11: 40 | D11: 881 | E11: 0.4 | F11: 13 | G11: =C11/F11 -> 3.0769231 | H11: 256 | I11: 0 | J11: 6 | K11: 4 | L11: 3
A12: dags_050_s1 | B12: Corporativa | C12: 50 | D12: 1077 | E12: 0.6 | F12: 16 | G12: =C12/F12 -> 3.125 | H12: 437 | I12: 0 | J12: 8 | K12: 4 | L12: 4
A13: dags_050_s2 | B13: Corporativa | C13: 50 | D13: 1302 | E13: 0.5 | F13: 14 | G13: =C13/F13 -> 3.5714286 | H13: 452 | I13: 0 | J13: 6 | K13: 4 | L13: 4
... A111: dags_g1000_s5 | B111: Sintética | C111: 1000 | D111: 2686 | E111: 276.8 | F111: 300 | G111: =C111/F111 -> 3.3333333 | H111: 2686 | I111: 0 | J111: 0 | K111: 17 | L111: 283

Sheet EM_v4_s3
A1: Nombre Instancia | B1: Tipo Instancia | C1: Cantidad de DAGs | D1: Fitness | E1: Tiempo (s) | F1: Dominios Generados | G1: DAGs/Dominio | H1: Afinidad Interna | I1: Conflictos Escritura | J1: GREEN | K1: YELLOW | L1: RED
A2: dags_010_s1 | B2: Corporativa | C2: 10 | D2: 185 | E2: 0 | F2: 3 | G2: 3.33 | H2: 70 | I2: 0 | J2: 1 | K2: 1 | L2: 1
A3: dags_010_s2 | B3: Corporativa | C3: 10 | D3: 159 | E3: 0 | F3: 3 | G3: 3.33 | H3: 119 | I3: 0 | J3: 2 | K3: 1 | L3: 0
A4: dags_015_s1 | B4: Corporativa | C4: 15 | D4: 378 | E4: 0.1 | F4: 5 | G4: 3 | H4: 158 | I4: 0 | J4: 3 | K4: 2 | L4: 0
A5: dags_015_s2 | B5: Corporativa | C5: 15 | D5: 247 | E5: 0.1 | F5: 4 | G5: 3.75 | H5: 107 | I5: 0 | J5: 2 | K5: 1 | L5: 1
A6: dags_020_s1 | B6: Corporativa | C6: 20 | D6: 419 | E6: 0.1 | F6: 6 | G6: 3.33 | H6: 179 | I6: 0 | J6: 2 | K6: 2 | L6: 2
A7: dags_020_s2 | B7: Corporativa | C7: 20 | D7: 363 | E7: 0.1 | F7: 7 | G7: 2.86 | H7: 168 | I7: 0 | J7: 4 | K7: 3 | L7: 0
A8: dags_025_s1 | B8: Corporativa | C8: 25 | D8: 467 | E8: 0.2 | F8: 10 | G8: 2.5 | H8: 217 | I8: 0 | J8: 7 | K8: 2 | L8: 1
A9: dags_030_s1 | B9: Corporativa | C9: 30 | D9: 513 | E9: 0.2 | F9: 10 | G9: 3 | H9: 283 | I9: 0 | J9: 6 | K9: 3 | L9: 1
A10: dags_030_s2 | B10: Corporativa | C10: 30 | D10: 757 | E10: 0.2 | F10: 10 | G10: 3 | H10: 232 | I10: 0 | J10: 5 | K10: 3 | L10: 2
A11: dags_040_s1 | B11: Corporativa | C11: 40 | D11: 881 | E11: 0.4 | F11: 13 | G11: 3.08 | H11: 256 | I11: 0 | J11: 6 | K11: 4 | L11: 3
A12: dags_050_s1 | B12: Corporativa | C12: 50 | D12: 1105 | E12: 0.6 | F12: 16 | G12: 3.13 | H12: 445 | I12: 0 | J12: 9 | K12: 5 | L12: 2
A13: dags_050_s2 | B13: Corporativa | C13: 50 | D13: 1302 | E13: 0.5 | F13: 14 | G13: 3.57 | H13: 452 | I13: 0 | J13: 6 | K13: 4 | L13: 4
... A111: dags_g1000_s5 | B111: Sintética | C111: 1000 | D111: 2712 | E111: 271.4 | F111: 300 | G111: 3.33 | H111: 2712 | I111: 0 | J111: 0 | K111: 16 | L111: 284

Sheet EM_v4_s4
A1: Nombre Instancia | B1: Tipo Instancia | C1: Cantidad de DAGs | D1: Fitness | E1: Tiempo (s) | F1: Dominios Generados | G1: DAGs/Dominio | H1: Afinidad Interna | I1: Conflictos Escritura | J1: GREEN | K1: YELLOW | L1: RED
A2: dags_010_s1 | B2: Corporativa | C2: 10 | D2: 185 | E2: 0 | F2: 3 | G2: 3.33 | H2: 70 | I2: 0 | J2: 1 | K2: 1 | L2: 1
A3: dags_010_s2 | B3: Corporativa | C3: 10 | D3: 159 | E3: 0 | F3: 3 | G3: 3.33 | H3: 119 | I3: 0 | J3: 2 | K3: 1 | L3: 0
A4: dags_015_s1 | B4: Corporativa | C4: 15 | D4: 378 | E4: 0.1 | F4: 5 | G4: 3 | H4: 158 | I4: 0 | J4: 3 | K4: 2 | L4: 0
A5: dags_015_s2 | B5: Corporativa | C5: 15 | D5: 247 | E5: 0.1 | F5: 4 | G5: 3.75 | H5: 107 | I5: 0 | J5: 2 | K5: 1 | L5: 1
A6: dags_020_s1 | B6: Corporativa | C6: 20 | D6: 419 | E6: 0.1 | F6: 6 | G6: 3.33 | H6: 179 | I6: 0 | J6: 2 | K6: 2 | L6: 2
A7: dags_020_s2 | B7: Corporativa | C7: 20 | D7: 363 | E7: 0.1 | F7: 7 | G7: 2.86 | H7: 168 | I7: 0 | J7: 4 | K7: 3 | L7: 0
A8: dags_025_s1 | B8: Corporativa | C8: 25 | D8: 467 | E8: 0.2 | F8: 10 | G8: 2.5 | H8: 217 | I8: 0 | J8: 7 | K8: 2 | L8: 1
A9: dags_030_s1 | B9: Corporativa | C9: 30 | D9: 513 | E9: 0.2 | F9: 10 | G9: 3 | H9: 283 | I9: 0 | J9: 6 | K9: 3 | L9: 1
A10: dags_030_s2 | B10: Corporativa | C10: 30 | D10: 757 | E10: 0.2 | F10: 10 | G10: 3 | H10: 232 | I10: 0 | J10: 5 | K10: 3 | L10: 2
A11: dags_040_s1 | B11: Corporativa | C11: 40 | D11: 881 | E11: 0.4 | F11: 13 | G11: 3.08 | H11: 256 | I11: 0 | J11: 6 | K11: 4 | L11: 3
A12: dags_050_s1 | B12: Corporativa | C12: 50 | D12: 1105 | E12: 0.6 | F12: 16 | G12: 3.13 | H12: 445 | I12: 0 | J12: 8 | K12: 5 | L12: 3
A13: dags_050_s2 | B13: Corporativa | C13: 50 | D13: 1302 | E13: 0.5 | F13: 14 | G13: 3.57 | H13: 452 | I13: 0 | J13: 6 | K13: 4 | L13: 4
... A111: dags_g1000_s5 | B111: Sintética | C111: 1000 | D111: 2722 | E111: 276.6 | F111: 300 | G111: 3.33 | H111: 2722 | I111: 0 | J111: 0 | K111: 23 | L111: 277

Sheet EM_v4_s5
A1: Nombre Instancia | B1: Tipo Instancia | C1: Cantidad de DAGs | D1: Fitness | E1: Tiempo (s) | F1: Dominios Generados | G1: DAGs/Dominio | H1: Afinidad Interna | I1: Conflictos Escritura | J1: GREEN | K1: YELLOW | L1: RED
A2: dags_010_s1 | B2: Corporativa | C2: 10 | D2: 185 | E2: 0 | F2: 3 | G2: 3.33 | H2: 70 | I2: 0 | J2: 1 | K2: 1 | L2: 1
A3: dags_010_s2 | B3: Corporativa | C3: 10 | D3: 159 | E3: 0 | F3: 3 | G3: 3.33 | H3: 119 | I3: 0 | J3: 2 | K3: 1 | L3: 0
A4: dags_015_s1 | B4: Corporativa | C4: 15 | D4: 378 | E4: 0.1 | F4: 5 | G4: 3 | H4: 158 | I4: 0 | J4: 3 | K4: 2 | L4: 0
A5: dags_015_s2 | B5: Corporativa | C5: 15 | D5: 247 | E5: 0.1 | F5: 4 | G5: 3.75 | H5: 107 | I5: 0 | J5: 2 | K5: 1 | L5: 1
A6: dags_020_s1 | B6: Corporativa | C6: 20 | D6: 419 | E6: 0.1 | F6: 6 | G6: 3.33 | H6: 179 | I6: 0 | J6: 2 | K6: 2 | L6: 2
A7: dags_020_s2 | B7: Corporativa | C7: 20 | D7: 363 | E7: 0.1 | F7: 7 | G7: 2.86 | H7: 168 | I7: 0 | J7: 4 | K7: 3 | L7: 0
A8: dags_025_s1 | B8: Corporativa | C8: 25 | D8: 467 | E8: 0.2 | F8: 10 | G8: 2.5 | H8: 217 | I8: 0 | J8: 7 | K8: 2 | L8: 1
A9: dags_030_s1 | B9: Corporativa | C9: 30 | D9: 513 | E9: 0.2 | F9: 10 | G9: 3 | H9: 283 | I9: 0 | J9: 6 | K9: 3 | L9: 1
A10: dags_030_s2 | B10: Corporativa | C10: 30 | D10: 757 | E10: 0.2 | F10: 10 | G10: 3 | H10: 232 | I10: 0 | J10: 5 | K10: 3 | L10: 2
A11: dags_040_s1 | B11: Corporativa | C11: 40 | D11: 881 | E11: 0.4 | F11: 13 | G11: 3.08 | H11: 256 | I11: 0 | J11: 6 | K11: 4 | L11: 3
A12: dags_050_s1 | B12: Corporativa | C12: 50 | D12: 1105 | E12: 0.6 | F12: 16 | G12: 3.13 | H12: 445 | I12: 0 | J12: 8 | K12: 6 | L12: 2
A13: dags_050_s2 | B13: Corporativa | C13: 50 | D13: 1302 | E13: 0.5 | F13: 14 | G13: 3.57 | H13: 452 | I13: 0 | J13: 6 | K13: 4 | L13: 4
... A111: dags_g1000_s5 | B111: Sintética | C111: 1000 | D111: 2624 | E111: 273.4 | F111: 300 | G111: 3.33 | H111: 2624 | I111: 0 | J111: 0 | K111: 25 | L111: 275

Sheet EM_v4_all
A1: Nombre Instancia | B1: Tipo Instancia | C1: Tamaño Instancia | D1: Mejor calidad | E1: Calidad promedio | F1: Tiempo promedio | G1: Diferencia Calidad | H1: Peor calidad | I1: Porcentaje mejora
A2: dags_010_s1 | B2: Corporativa | C2: =VLOOKUP(A2, 'Indicadores instancias'!$A$1:$I$111, 3, FALSE) -> Pequeña | D2: =MAX(EM_v4_s1!D2,EM_v4_s2!D2,EM_v4_s3!D2,EM_v4_s4!D2,EM_v4_s5!D2) -> 185 | E2: =AVERAGE(EM_v4_s1!D2,EM_v4_s2!D2,EM_v4_s3!D2,EM_v4_s4!D2,EM_v4_s5!D2) -> 185 | F2: =AVERAGE(EM_v4_s1!E2,EM_v4_s2!E2,EM_v4_s3!E2,EM_v4_s4!E2,EM_v4_s5!E2) -> 0 | G2: =D2-E2 -> 0 | H2: =MIN(EM_v4_s1!D2,EM_v4_s2!D2,EM_v4_s3!D2,EM_v4_s4!D2,EM_v4_s5!D2) -> 185 | I2: =((D2-H2)/D2)*100 -> 0
A3: dags_010_s2 | B3: Corporativa | C3: =VLOOKUP(A3, 'Indicadores instancias'!$A$1:$I$111, 3, FALSE) -> Pequeña | D3: =MAX(EM_v4_s1!D3,EM_v4_s2!D3,EM_v4_s3!D3,EM_v4_s4!D3,EM_v4_s5!D3) -> 159 | E3: =AVERAGE(EM_v4_s1!D3,EM_v4_s2!D3,EM_v4_s3!D3,EM_v4_s4!D3,EM_v4_s5!D3) -> 159 | F3: =AVERAGE(EM_v4_s1!E3,EM_v4_s2!E3,EM_v4_s3!E3,EM_v4_s4!E3,EM_v4_s5!E3) -> 0 | G3: =D3-E3 -> 0 | H3: =MIN(EM_v4_s1!D3,EM_v4_s2!D3,EM_v4_s3!D3,EM_v4_s4!D3,EM_v4_s5!D3) -> 159 | I3: =((D3-H3)/D3)*100 -> 0
A4: dags_015_s1 | B4: Corporativa | C4: =VLOOKUP(A4, 'Indicadores instancias'!$A$1:$I$111, 3, FALSE) -> Pequeña | D4: =MAX(EM_v4_s1!D4,EM_v4_s2!D4,EM_v4_s3!D4,EM_v4_s4!D4,EM_v4_s5!D4) -> 378 | E4: =AVERAGE(EM_v4_s1!D4,EM_v4_s2!D4,EM_v4_s3!D4,EM_v4_s4!D4,EM_v4_s5!D4) -> 378 | F4: =AVERAGE(EM_v4_s1!E4,EM_v4_s2!E4,EM_v4_s3!E4,EM_v4_s4!E4,EM_v4_s5!E4) -> 0.1 | G4: =D4-E4 -> 0 | H4: =MIN(EM_v4_s1!D4,EM_v4_s2!D4,EM_v4_s3!D4,EM_v4_s4!D4,EM_v4_s5!D4) -> 378 | I4: =((D4-H4)/D4)*100 -> 0
A5: dags_015_s2 | B5: Corporativa | C5: =VLOOKUP(A5, 'Indicadores instancias'!$A$1:$I$111, 3, FALSE) -> Pequeña | D5: =MAX(EM_v4_s1!D5,EM_v4_s2!D5,EM_v4_s3!D5,EM_v4_s4!D5,EM_v4_s5!D5) -> 247 | E5: =AVERAGE(EM_v4_s1!D5,EM_v4_s2!D5,EM_v4_s3!D5,EM_v4_s4!D5,EM_v4_s5!D5) -> 247 | F5: =AVERAGE(EM_v4_s1!E5,EM_v4_s2!E5,EM_v4_s3!E5,EM_v4_s4!E5,EM_v4_s5!E5) -> 0.1 | G5: =D5-E5 -> 0 | H5: =MIN(EM_v4_s1!D5,EM_v4_s2!D5,EM_v4_s3!D5,EM_v4_s4!D5,EM_v4_s5!D5) -> 247 | I5: =((D5-H5)/D5)*100 -> 0
A6: dags_020_s1 | B6: Corporativa | C6: =VLOOKUP(A6, 'Indicadores instancias'!$A$1:$I$111, 3, FALSE) -> Pequeña | D6: =MAX(EM_v4_s1!D6,EM_v4_s2!D6,EM_v4_s3!D6,EM_v4_s4!D6,EM_v4_s5!D6) -> 419 | E6: =AVERAGE(EM_v4_s1!D6,EM_v4_s2!D6,EM_v4_s3!D6,EM_v4_s4!D6,EM_v4_s5!D6) -> 419 | F6: =AVERAGE(EM_v4_s1!E6,EM_v4_s2!E6,EM_v4_s3!E6,EM_v4_s4!E6,EM_v4_s5!E6) -> 0.12 | G6: =D6-E6 -> 0 | H6: =MIN(EM_v4_s1!D6,EM_v4_s2!D6,EM_v4_s3!D6,EM_v4_s4!D6,EM_v4_s5!D6) -> 419 | I6: =((D6-H6)/D6)*100 -> 0
A7: dags_020_s2 | B7: Corporativa | C7: =VLOOKUP(A7, 'Indicadores instancias'!$A$1:$I$111, 3, FALSE) -> Pequeña | D7: =MAX(EM_v4_s1!D7,EM_v4_s2!D7,EM_v4_s3!D7,EM_v4_s4!D7,EM_v4_s5!D7) -> 363 | E7: =AVERAGE(EM_v4_s1!D7,EM_v4_s2!D7,EM_v4_s3!D7,EM_v4_s4!D7,EM_v4_s5!D7) -> 363 | F7: =AVERAGE(EM_v4_s1!E7,EM_v4_s2!E7,EM_v4_s3!E7,EM_v4_s4!E7,EM_v4_s5!E7) -> 0.1 | G7: =D7-E7 -> 0 | H7: =MIN(EM_v4_s1!D7,EM_v4_s2!D7,EM_v4_s3!D7,EM_v4_s4!D7,EM_v4_s5!D7) -> 363 | I7: =((D7-H7)/D7)*100 -> 0
A8: dags_025_s1 | B8: Corporativa | C8: =VLOOKUP(A8, 'Indicadores instancias'!$A$1:$I$111, 3, FALSE) -> Mediana | D8: =MAX(EM_v4_s1!D8,EM_v4_s2!D8,EM_v4_s3!D8,EM_v4_s4!D8,EM_v4_s5!D8) -> 467 | E8: =AVERAGE(EM_v4_s1!D8,EM_v4_s2!D8,EM_v4_s3!D8,EM_v4_s4!D8,EM_v4_s5!D8) -> 467 | F8: =AVERAGE(EM_v4_s1!E8,EM_v4_s2!E8,EM_v4_s3!E8,EM_v4_s4!E8,EM_v4_s5!E8) -> 0.2 | G8: =D8-E8 -> 0 | H8: =MIN(EM_v4_s1!D8,EM_v4_s2!D8,EM_v4_s3!D8,EM_v4_s4!D8,EM_v4_s5!D8) -> 467 | I8: =((D8-H8)/D8)*100 -> 0
A9: dags_030_s1 | B9: Corporativa | C9: =VLOOKUP(A9, 'Indicadores instancias'!$A$1:$I$111, 3, FALSE) -> Mediana | D9: =MAX(EM_v4_s1!D9,EM_v4_s2!D9,EM_v4_s3!D9,EM_v4_s4!D9,EM_v4_s5!D9) -> 513 | E9: =AVERAGE(EM_v4_s1!D9,EM_v4_s2!D9,EM_v4_s3!D9,EM_v4_s4!D9,EM_v4_s5!D9) -> 513 | F9: =AVERAGE(EM_v4_s1!E9,EM_v4_s2!E9,EM_v4_s3!E9,EM_v4_s4!E9,EM_v4_s5!E9) -> 0.2 | G9: =D9-E9 -> 0 | H9: =MIN(EM_v4_s1!D9,EM_v4_s2!D9,EM_v4_s3!D9,EM_v4_s4!D9,EM_v4_s5!D9) -> 513 | I9: =((D9-H9)/D9)*100 -> 0
A10: dags_030_s2 | B10: Corporativa | C10: =VLOOKUP(A10, 'Indicadores instancias'!$A$1:$I$111, 3, FALSE) -> Mediana | D10: =MAX(EM_v4_s1!D10,EM_v4_s2!D10,EM_v4_s3!D10,EM_v4_s4!D10,EM_v4_s5!D10) -> 757 | E10: =AVERAGE(EM_v4_s1!D10,EM_v4_s2!D10,EM_v4_s3!D10,EM_v4_s4!D10,EM_v4_s5!D10) -> 757 | F10: =AVERAGE(EM_v4_s1!E10,EM_v4_s2!E10,EM_v4_s3!E10,EM_v4_s4!E10,EM_v4_s5!E10) -> 0.2 | G10: =D10-E10 -> 0 | H10: =MIN(EM_v4_s1!D10,EM_v4_s2!D10,EM_v4_s3!D10,EM_v4_s4!D10,EM_v4_s5!D10) -> 757 | I10: =((D10-H10)/D10)*100 -> 0
A11: dags_040_s1 | B11: Corporativa | C11: =VLOOKUP(A11, 'Indicadores instancias'!$A$1:$I$111, 3, FALSE) -> Mediana | D11: =MAX(EM_v4_s1!D11,EM_v4_s2!D11,EM_v4_s3!D11,EM_v4_s4!D11,EM_v4_s5!D11) -> 881 | E11: =AVERAGE(EM_v4_s1!D11,EM_v4_s2!D11,EM_v4_s3!D11,EM_v4_s4!D11,EM_v4_s5!D11) -> 881 | F11: =AVERAGE(EM_v4_s1!E11,EM_v4_s2!E11,EM_v4_s3!E11,EM_v4_s4!E11,EM_v4_s5!E11) -> 0.4 | G11: =D11-E11 -> 0 | H11: =MIN(EM_v4_s1!D11,EM_v4_s2!D11,EM_v4_s3!D11,EM_v4_s4!D11,EM_v4_s5!D11) -> 881 | I11: =((D11-H11)/D11)*100 -> 0
A12: dags_050_s1 | B12: Corporativa | C12: =VLOOKUP(A12, 'Indicadores instancias'!$A$1:$I$111, 3, FALSE) -> Mediana | D12: =MAX(EM_v4_s1!D12,EM_v4_s2!D12,EM_v4_s3!D12,EM_v4_s4!D12,EM_v4_s5!D12) -> 1105 | E12: =AVERAGE(EM_v4_s1!D12,EM_v4_s2!D12,EM_v4_s3!D12,EM_v4_s4!D12,EM_v4_s5!D12) -> 1099.4 | F12: =AVERAGE(EM_v4_s1!E12,EM_v4_s2!E12,EM_v4_s3!E12,EM_v4_s4!E12,EM_v4_s5!E12) -> 0.6 | G12: =D12-E12 -> 5.6 | H12: =MIN(EM_v4_s1!D12,EM_v4_s2!D12,EM_v4_s3!D12,EM_v4_s4!D12,EM_v4_s5!D12) -> 1077 | I12: =((D12-H12)/D12)*100 -> 2.5339367
A13: dags_050_s2 | B13: Corporativa | C13: =VLOOKUP(A13, 'Indicadores instancias'!$A$1:$I$111, 3, FALSE) -> Mediana | D13: =MAX(EM_v4_s1!D13,EM_v4_s2!D13,EM_v4_s3!D13,EM_v4_s4!D13,EM_v4_s5!D13) -> 1302 | E13: =AVERAGE(EM_v4_s1!D13,EM_v4_s2!D13,EM_v4_s3!D13,EM_v4_s4!D13,EM_v4_s5!D13) -> 1302 | F13: =AVERAGE(EM_v4_s1!E13,EM_v4_s2!E13,EM_v4_s3!E13,EM_v4_s4!E13,EM_v4_s5!E13) -> 0.5 | G13: =D13-E13 -> 0 | H13: =MIN(EM_v4_s1!D13,EM_v4_s2!D13,EM_v4_s3!D13,EM_v4_s4!D13,EM_v4_s5!D13) -> 1302 | I13: =((D13-H13)/D13)*100 -> 0
... A111: dags_g1000_s5 | B111: Sintética | C111: =VLOOKUP(A111, 'Indicadores instancias'!$A$1:$I$111, 3, FALSE) -> Grande | D111: =MAX(EM_v4_s1!D111,EM_v4_s2!D111,EM_v4_s3!D111,EM_v4_s4!D111,EM_v4_s5!D111) -> 2722 | E111: =AVERAGE(EM_v4_s1!D111,EM_v4_s2!D111,EM_v4_s3!D111,EM_v4_s4!D111,EM_v4_s5!D111) -> 2693.2 | F111: =AVERAGE(EM_v4_s1!E111,EM_v4_s2!E111,EM_v4_s3!E111,EM_v4_s4!E111,EM_v4_s5!E111) -> 275.52 | G111: =D111-E111 -> 28.8 | H111: =MIN(EM_v4_s1!D111,EM_v4_s2!D111,EM_v4_s3!D111,EM_v4_s4!D111,EM_v4_s5!D111) -> 2624 | I111: =((D111-H111)/D111)*100 -> 3.6002939

Sheet dags_010_s1
A1: DAG | B1: NumTablasAlimenta | C1: TablasAlimenta | D1: NumTablasAlimentan | E1: TablasAlimentan
A2: dlk_sap_homologo_planta_mini_bb | B2: 5 | C2: dlk_planta_competencia_v1,dlk_planta_egreso_v1,dlk_planta_bono_v2,dlk_planta_posicion_v2,dlk_planta_evaluacion_v2 | D2: 12 | E2: nomina_desempeno_2023_sap,m4vw_jef_directos_sap,template_cargos_sap,socios_sap,posicion_sap,ppn_familia_cargo_sap,std_country_sap,flexibles_sap,laborales_sap,personales_sap,m4cci_x_tipo_baja_sap,arbol_jerarquico_sap
A3: proc_linkedin_learning_report | B3: 6 | C3: proc_talento_unidad,proc_talento_encuesta,proc_talento_vacante,proc_talento_unidad_v1,proc_talento_posicion,proc_talento_ingreso_v1 | D3: 5 | E3: dlk_planta_bono_v2,dlk_planta_competencia_v1,dlk_planta_egreso_v1,dlk_planta_posicion_v2,dlk_planta_evaluacion_v2
A4: proc_ejemplos_operadores_databricks | B4: 4 | C4: proc_planta_ingreso_v1,proc_planta_cargo,proc_planta_evaluacion,proc_planta_sucursal | D4: 5 | E4: dlk_planta_posicion_v2,dlk_planta_evaluacion_v2,dlk_planta_bono_v2,dlk_planta_competencia_v1,dlk_planta_egreso_v1
A5: gob_qualtrics_formacion | B5: 8 | C5: gob_talento_posicion_v2,gob_talento_centro_costo_v1,gob_talento_colaborador_v1,gob_talento_ingreso_v1,gob_talento_sucursal_v2,gob_talento_region,gob_talento_beca_v2,gob_talento_beca_v1 | D5: 6 | E5: dlk_planta_competencia_v1,dlk_planta_egreso_v1,dlk_planta_posicion_v2,dlk_planta_evaluacion_v2,dlk_planta_bono_v2,nomina_desempeno_2023_sap
A6: dlk_sap_homologo_experiencia_previa | B6: 6 | C6: dlk_planta_cargo_v2,dlk_planta_beca,dlk_planta_ingreso_v2,dlk_planta_encuesta,dlk_planta_postulante_v1,dlk_planta_region_v1 | D6: 13 | E6: personales_sap,nomina_desempeno_2023_sap,nomina_desempeno_2024_sap,ppn_duty_sap,m4vw_jef_directos_sap,posicion_sap,laborales_sap,template_nivel_hay_sap,planta_completa_sap,template_departamento_sap,m4cci_x_tipo_baja_sap,ppn_familia_cargo_sap,template_cargos_sap
A7: dash_formacion | B7: 3 | C7: dash_talento_colaborador_kpi,dash_talento_incidencia_kpi,dash_talento_contrato_kpi | D7: 14 | E7: gob_talento_beca_v1,gob_talento_centro_costo_v1,gob_talento_colaborador_v1,gob_talento_posicion_v2,gob_talento_sucursal_v2,proc_talento_vacante,proc_talento_unidad_v1,proc_talento_encuesta,gob_talento_ingreso_v1,proc_talento_posicion,proc_talento_unidad,gob_talento_beca_v2,proc_talento_ingreso_v1,gob_talento_region
A8: gob_4talent_proceso_seleccion_sap | B8: 7 | C8: gob_planta_unidad,gob_planta_sucursal_v1,gob_planta_incidencia_v2,gob_planta_region_v2,gob_planta_curso_v1,gob_planta_incidencia_v1,gob_planta_indicador_v2 | D8: 12 | E8: dlk_planta_competencia_v1,dlk_planta_beca,dlk_planta_evaluacion_v2,dlk_planta_posicion_v2,dlk_planta_egreso_v1,dlk_planta_bono_v2,dlk_planta_ingreso_v2,dlk_planta_encuesta,dlk_planta_cargo_v2,dlk_planta_region_v1,dlk_planta_postulante_v1,m4vw_jef_directos_sap
A9: dlk_sap_homologo_capacidades_diferentes | B9: 2 | C9: dlk_talento_turno,dlk_talento_sucursal_v2 | D9: 9 | E9: std_work_unit_sap,template_departamento_sap,planta_internacional_sap,nomina_desempeno_2023_sap,posicion_sap,template_nivel_hay_sap,laborales_sap,m4vw_laborales_sap,personales_sap
A10: dlk_edx | B10: 4 | C10: dlk_planta_meta_v2,dlk_planta_competencia,dlk_planta_incidencia_v1,dlk_planta_bono_v1 | D10: 5 | E10: template_nivel_hay_sap,laborales_sap,template_centro_costo_sap,template_cargos_detalle_sap,desarrollo_becas_sap
A11: gob_egresos | B11: 8 | C11: gob_talento_sucursal_v1,gob_talento_encuesta_v2,gob_talento_contrato_v1,gob_talento_evaluacion_v2,gob_talento_contrato_v2,gob_talento_licencia,gob_talento_incidencia_v1,gob_talento_traslado_v2 | D11: 3 | E11: dlk_talento_sucursal_v2,dlk_talento_turno,std_work_location_sap
